{
  "2020-05": {
    "month": "2020-05",
    "start_equity": 14979.443469978496,
    "end_equity": 13173.538927861224,
    "return_pct": -12.05588542549415,
    "is_negative": true,
    "trade_count": 10,
    "win_count": 7,
    "loss_count": 3,
    "win_rate": 70.0,
    "total_profit": 1607.715834672141,
    "total_loss": -3125.793446737776,
    "avg_profit_pct": 1.6373656053936385,
    "avg_loss_pct": -6.988354088405611,
    "profit_factor": 0.5143384750358436,
    "avg_trade_duration": 30.3,
    "long_trades": 10,
    "short_trades": 0,
    "long_win_rate": 70.0,
    "short_win_rate": 0.0,
    "exit_reasons": {
      "Bearish": 7,
      "Trailing": 2,
      "RSI": 1
    }
  },
  "2020-09": {
    "month": "2020-09",
    "start_equity": 14074.191326723212,
    "end_equity": 13285.879914876987,
    "return_pct": -5.6011133680514025,
    "is_negative": true,
    "trade_count": 9,
    "win_count": 6,
    "loss_count": 3,
    "win_rate": 66.66666666666666,
    "total_profit": 578.4178357884587,
    "total_loss": -1264.2331900446725,
    "avg_profit_pct": 0.704563690429767,
    "avg_loss_pct": -2.963868213661952,
    "profit_factor": 0.4575246405040354,
    "avg_trade_duration": 58.77777777777778,
    "long_trades": 4,
    "short_trades": 5,
    "long_win_rate": 75.0,
    "short_win_rate": 60.0,
    "exit_reasons": {
      "Bullish": 4,
      "Bearish": 3,
      "RSI": 1,
      "Trailing": 1
    }
  },
  "2021-01": {
    "month": "2021-01",
    "start_equity": 20630.825446637587,
    "end_equity": 20212.00126741855,
    "return_pct": -2.030089296729032,
    "is_negative": true,
    "trade_count": 3,
    "win_count": 2,
    "loss_count": 1,
    "win_rate": 66.66666666666666,
    "total_profit": 418.53211228940864,
    "total_loss": -714.5755143270419,
    "avg_profit_pct": 1.0328267802425162,
    "avg_loss_pct": -3.443336793693936,
    "profit_factor": 0.5857073239957923,
    "avg_trade_duration": 48.666666666666664,
    "long_trades": 2,
    "short_trades": 1,
    "long_win_rate": 50.0,
    "short_win_rate": 100.0,
    "exit_reasons": {
      "Bearish": 2,
      "Bullish": 1
    }
  },
  "2021-04": {
    "month": "2021-04",
    "start_equity": 22053.534227809298,
    "end_equity": 18425.785921434504,
    "return_pct": -16.44973666760513,
    "is_negative": true,
    "trade_count": 9,
    "win_count": 4,
    "loss_count": 5,
    "win_rate": 44.44444444444444,
    "total_profit": 1307.7090046028393,
    "total_loss": -4543.9607494108295,
    "avg_profit_pct": 1.4665628656305356,
    "avg_loss_pct": -6.154966571867495,
    "profit_factor": 0.28779055910031726,
    "avg_trade_duration": 33.666666666666664,
    "long_trades": 7,
    "short_trades": 2,
    "long_win_rate": 42.857142857142854,
    "short_win_rate": 50.0,
    "exit_reasons": {
      "Bearish": 5,
      "Trailing": 3,
      "Bullish": 1
    }
  },
  "2021-05": {
    "month": "2021-05",
    "start_equity": 18425.785921434504,
    "end_equity": 17638.169833882537,
    "return_pct": -4.274531848520735,
    "is_negative": true,
    "trade_count": 2,
    "win_count": 1,
    "loss_count": 1,
    "win_rate": 50.0,
    "total_profit": 377.72449972844834,
    "total_loss": -47.28507190588116,
    "avg_profit_pct": 2.0614406958164038,
    "avg_loss_pct": -0.25688133202030805,
    "profit_factor": 7.98823993501146,
    "avg_trade_duration": 17.5,
    "long_trades": 1,
    "short_trades": 1,
    "long_win_rate": 100.0,
    "short_win_rate": 0.0,
    "exit_reasons": {
      "Bullish": 1,
      "RSI": 1
    }
  },
  "2021-11": {
    "month": "2021-11",
    "start_equity": 30045.980309455103,
    "end_equity": 28348.581262697986,
    "return_pct": -5.649338211883759,
    "is_negative": true,
    "trade_count": 6,
    "win_count": 4,
    "loss_count": 2,
    "win_rate": 66.66666666666666,
    "total_profit": 2429.0132953006832,
    "total_loss": -3782.753170584374,
    "avg_profit_pct": 2.176732445190213,
    "avg_loss_pct": -6.354115129012881,
    "profit_factor": 0.6421284143489172,
    "avg_trade_duration": 39.166666666666664,
    "long_trades": 3,
    "short_trades": 3,
    "long_win_rate": 66.66666666666666,
    "short_win_rate": 66.66666666666666,
    "exit_reasons": {
      "RSI": 3,
      "Bullish": 1,
      "Bearish": 1,
      "Trailing": 1
    }
  },
  "2021-12": {
    "month": "2021-12",
    "start_equity": 28348.581262697986,
    "end_equity": 27620.422794030917,
    "return_pct": -2.5685887484789394,
    "is_negative": true,
    "trade_count": 5,
    "win_count": 3,
    "loss_count": 2,
    "win_rate": 60.0,
    "total_profit": 421.36649441790803,
    "total_loss": -871.4613938293583,
    "avg_profit_pct": 0.5120890490584208,
    "avg_loss_pct": -1.5433845490385947,
    "profit_factor": 0.48351710976701767,
    "avg_trade_duration": 26.0,
    "long_trades": 2,
    "short_trades": 3,
    "long_win_rate": 100.0,
    "short_win_rate": 33.33333333333333,
    "exit_reasons": {
      "Bullish": 3,
      "Bearish": 2
    }
  },
  "2022-04": {
    "month": "2022-04",
    "start_equity": 41225.163899504485,
    "end_equity": 40058.00592968446,
    "return_pct": -2.831178482795682,
    "is_negative": true,
    "trade_count": 8,
    "win_count": 4,
    "loss_count": 4,
    "win_rate": 50.0,
    "total_profit": 2948.780443438233,
    "total_loss": -5435.957651149682,
    "avg_profit_pct": 1.8988797837694664,
    "avg_loss_pct": -3.2463254492544196,
    "profit_factor": 0.5424583178668764,
    "avg_trade_duration": 37.0,
    "long_trades": 3,
    "short_trades": 5,
    "long_win_rate": 33.33333333333333,
    "short_win_rate": 60.0,
    "exit_reasons": {
      "RSI": 4,
      "Bullish": 2,
      "Bearish": 1,
      "Trailing": 1
    }
  },
  "2022-06": {
    "month": "2022-06",
    "start_equity": 44209.178155872614,
    "end_equity": 42070.01662775031,
    "return_pct": -4.838727199542269,
    "is_negative": true,
    "trade_count": 4,
    "win_count": 3,
    "loss_count": 1,
    "win_rate": 75.0,
    "total_profit": 2417.3708987432237,
    "total_loss": -4161.117978626987,
    "avg_profit_pct": 1.8306178439962444,
    "avg_loss_pct": -9.000157265361077,
    "profit_factor": 0.580942648384333,
    "avg_trade_duration": 40.0,
    "long_trades": 3,
    "short_trades": 1,
    "long_win_rate": 66.66666666666666,
    "short_win_rate": 100.0,
    "exit_reasons": {
      "Bearish": 1,
      "RSI": 1,
      "Trailing": 1,
      "Bullish": 1
    }
  },
  "2022-08": {
    "month": "2022-08",
    "start_equity": 48143.79622080497,
    "end_equity": 48039.93279607813,
    "return_pct": -0.21573584320290218,
    "is_negative": true,
    "trade_count": 7,
    "win_count": 4,
    "loss_count": 3,
    "win_rate": 57.14285714285714,
    "total_profit": 5872.691178388058,
    "total_loss": -4899.815744880113,
    "avg_profit_pct": 3.102031711982206,
    "avg_loss_pct": -3.271404058315289,
    "profit_factor": 1.1985534730616179,
    "avg_trade_duration": 47.142857142857146,
    "long_trades": 4,
    "short_trades": 3,
    "long_win_rate": 50.0,
    "short_win_rate": 66.66666666666666,
    "exit_reasons": {
      "RSI": 3,
      "Bullish": 2,
      "Bearish": 1,
      "Trailing": 1
    }
  },
  "2023-04": {
    "month": "2023-04",
    "start_equity": 75069.50852728658,
    "end_equity": 71967.45097916805,
    "return_pct": -4.13224704540458,
    "is_negative": true,
    "trade_count": 8,
    "win_count": 6,
    "loss_count": 2,
    "win_rate": 75.0,
    "total_profit": 4321.7452370726505,
    "total_loss": -6133.067990988503,
    "avg_profit_pct": 0.9922338840278874,
    "avg_loss_pct": -4.026565865585262,
    "profit_factor": 0.7046628609731244,
    "avg_trade_duration": 55.625,
    "long_trades": 7,
    "short_trades": 1,
    "long_win_rate": 71.42857142857143,
    "short_win_rate": 100.0,
    "exit_reasons": {
      "Bearish": 3,
      "RSI": 3,
      "Trailing": 1,
      "Bullish": 1
    }
  },
  "2023-05": {
    "month": "2023-05",
    "start_equity": 71967.45097916805,
    "end_equity": 66017.65260456993,