{
  "total_return_pct": 1847.1007527956613,
  "total_trades": 527,
  "win_rate": 74.95256166982922,
  "profit_factor": 2.603883165011291,
  "max_drawdown": 33.65823385229355,
  "sharpe_ratio": 0.10889755639736942,
  "avg_trade_duration": 32.98861480075902,
  "final_capital": 194710.0752795661,
  "monthly_returns": {
    