{
  "total_return_pct": 1847.1007527956613,
  "total_trades": 527,
  "win_rate": 74.95256166982922,
  "profit_factor": 2.603883165011291,
  "max_drawdown": 33.65823385229355,
  "sharpe_ratio": 0.10889755639736942,
  "avg_trade_duration": 32.98861480075902,
  "final_capital": 194710.0752795661,
  "monthly_returns": {
    "2020-01": NaN,
    "2020-02": 13.65195088435156,
    "2020-03": 12.673412093345583,
    "2020-04": 10.520842663300867,
    "2020-05": -12.05588542549415,
    "2020-06": 4.498815393492195,
    "2020-07": 0.9275198146521335,
    "2020-08": 0.9630670032229061,
    "2020-09": -5.288141133929947,
    "2020-10": 19.20280962883847,
    "2020-11": 13.947819868149436,
    "2020-12": 14.323041367479394,
    "2021-01": -2.030089296729032,
    "2021-02": 2.6054410612170953,
    "2021-03": 6.340448983011471,
    "2021-04": -16.44973666760513,
    "2021-05": -4.274531848520735,
    "2021-06": 16.147493081744035,
    "2021-07": 16.923826708433154,
    "2021-08": 3.424700544642345,
    "2021-09": 1.9772334807366176,
    "2021-10": 18.930295842144652,
    "2021-11": -5.649338211883759,
    "2021-12": -2.5685887484789394,
    "2022-01": 17.937495494493795,
    "2022-02": 4.901678543631949,
    "2022-03": 20.55923391182648,
    "2022-04": -2.7646489759083126,
    "2022-05": 10.362902820162546,
    "2022-06": -4.838727199542269,
    "2022-07": 14.437312080947141,
    "2022-08": -0.21573584320290218,
    "2022-09": 3.9366769994439776,
    "2022-10": 6.456641391658713,
    "2022-11": 4.473793450302654,
    "2022-12": 4.91832804722343,
    "2023-01": 11.926476117993934,
    "2023-02": 3.129887959169264,
    "2023-03": 11.726706996948955,
    "2023-04": -4.223482758830999,
    "2023-05": -8.26734627063611,
    "2023-06": 8.318642422335621,
    "2023-07": 2.260742080710676,
    "2023-08": -14.579731676742469,
    "2023-09": 0.6823951139074191,
    "2023-10": 7.141198128364512,
    "2023-11": 5.220369445105022,
    "2023-12": 1.4075947444186498,
    "2024-01": 26.59281894417791,
    "2024-02": 12.925839719259358,
    "2024-03": 11.767798007240483,
    "2024-04": 18.29393924104703,
    "2024-05": 9.614871131991709,
    "2024-06": -1.948224728624437,
    "2024-07": 6.836222575571926,
    "2024-08": 3.746537433306729,
    "2024-09": -5.5788663301610475,
    "2024-10": 2.9933767360243557,
    "2024-11": 14.489880971226032,
    "2024-12": 8.026586204705177
  },
  "long_trades": 380,
  "short_trades": 147,
  "long_win_rate": 76.31578947368422,
  "short_win_rate": 71.42857142857143,
  "avg_win": 1.1147901813313483,
  "avg_loss": -2.1214351110312437,
  "max_win_streak": 16,
  "max_loss_streak": 4,
  "risk_adjusted_return": 54.87812464853368,
  "avg_trailing_stop": 8.43201767162353,
  "trading_breaks": 0
}